{
  "version": "2020.2",
  "applications": [],
  "platforms": [
    {
      "name": "design_1_wrapper"
    }
  ],
  "systems": [
    {
      "name": "imager_system",
      "platform": "C:/hdl_projects/ZynqBerryZero/wksp/design_1_wrapper/export/design_1_wrapper/design_1_wrapper.xpfm",
      "sysConfig": "design_1_wrapper",
      "buildConfig": "Debug",
      "applications": [
        {
          "name": "imager",
          "platform": "C:/hdl_projects/ZynqBerryZero/wksp/design_1_wrapper/export/design_1_wrapper/design_1_wrapper.xpfm",
          "platformPath": "C:\\hdl_projects\\ZynqBerryZero\\wksp\\design_1_wrapper\\export\\design_1_wrapper",
          "sysConfig": "design_1_wrapper",
          "domain": "standalone_ps7_cortexa9_0",
          "system": "imager_system"
        }
      ],
      "platformPath": "C:\\hdl_projects\\ZynqBerryZero\\wksp\\design_1_wrapper\\export\\design_1_wrapper"
    }
  ],
  "others": []
}